"","project.ZIP","PROJECT.NAME","AGENCY","project.CD","STATUS","artist.ZIP","project.START.date","FULL.1..amount","ART.contract..","art.contract.START","COMMUNITY.MEETING.date.s.","END.DATE","Hispanic..by.zip.code..2010","White..by.zip.code..2010","Black..by.zip.code..2010","Asian..by.zip.code..2010","Two.ore.more.races..by.zip.code..2010","American.Indian..by.zip.code..2010","Native.Hawaiin.or.Pacific.Islander...by.zip.code..2010","Age..25..by.zip.code..2010","Age.25.44..by.zip.code..2010","Age.45.64..by.zip.code..2010","Age..64..by.zip.code..2010","Median.Household.Income.2013.by.CD","X","X.1","median","pop"
"1",90002,"Watts Branch Library","Library","15","completed","90016","5/1/1992","$25,000","$5,000","11/1/1995","","3/18/97","37,598","14,392","13,101","148","1,939","371",33,"25,157","15,682","9,078","2,922","44,302.32",NA,NA,"35,020","51,223"
"2",90002,"Watts Fire Station No. 65","Fire","15","completed","90046","12/5/2002","$66,831","$53,200","12/5/2002","01/13/04","","37,598","14,392","13,101","148","1,939","371",33,"25,158","15,682","9,078","2,923","44,302.32",NA,NA,"35,020","51,223"
"3",90003,"Ascot Branch Library [#2]","Library","09","completed","90012","10/1/2005","$10,000","$10,000","10/1/2005","n/a","5/31/07","49,386","19,878","16,181","149","2,516","516",62,"31,725","21,432","11,725","3,418","28,883.41",NA,NA,"30,912","66,266"
"4",90003,"Green Meadows Gymnasium","Rec+Parks","09","completed","90042","4/10/2003","$25,000","$23,780","4/10/2003","6/4/03","2/23/06","49,386","19,878","16,181","149","2,516","516",61,"31,725","21,432","11,725","3,418","28,883.41",NA,NA,"30,912","66,266"
"5",90003,"Ascot Branch Library [#1]","Library","09","completed","92870","10/15/2001","$20,000","$20,000","10/15/2001","03/19/02","","49,386","19,878","16,181","149","2,516","516",60,"31,725","21,432","11,725","3,418","28,883.41",NA,NA,"30,912","66,266"
"6",90003,"77th Street Police Station","Police","09","completed","94188","9/16/1991","$152,000","$152,000","5/1/1995","n/a","11/14/97","49,386","19,878","16,181","149","2,516","516",58,"31,725","21,432","11,725","3,418","28,883.41",NA,NA,"30,912","66,266"
"7",90003,"Mark Twain Branch Library","Library","08","completed","90305","5/11/2000","$20,000","$20,000","5/11/2000","7/31/00","1/13/03","49,386","19,878","16,181","149","2,516","516",59,"31,725","21,432","11,725","3,418","30,989.52",NA,NA,"30,912","66,266"
"8",90005,"Pio Pico Koreatown Branch Library","Library","10","completed","90013","1/10/2001","$20,000","$20,000","1/10/2001","5/20/01;10/22/01","","19,578","10,953","2,007","12,740","1,684","317",40,"11,900","15,075","8,334","3,657","38,673.58",NA,NA,"36,058","37,681"
"9",90006,"Good Beginnings Early Childhood Education Program","CDD","01","completed","90019","9/1/2003","$7,530","$6,200","9/1/2003","09/17/03","2/11/04","44,074","18,869","2,179","10,934","2,774","626",46,"21,547","21,688","13,146","4,724","38,673.58",NA,NA,"29,939","59,185"
"10",90006,"Pico Union Branch Library","Library","01","completed","91941","12/18/2001","$20,000","$20,000","12/18/2001","04/09/02","6/17/04","44,074","18,869","2,179","10,934","2,774","626",46,"21,547","21,688","13,146","4,724","38,673.58",NA,NA,"29,939","59,185"
"11",90006,"Olympic Police Station | Youth Apprenticeship in Public Art [YAPA]","Police","01","in development","tbd","tbd","$89,948","$73,758","","","","44,074","18,869","2,179","10,934","2,774","626",47,"21,547","21,688","13,146","4,724","38,673.58",NA,NA,"29,939","59,185"
"12",90006,"Olympic Police Station | Site-Specific Artwork","Police","01","completed","02476","10/15/2003","$283,803","$205,800","10/15/2003","1/26/4","10/17/08","44,074","18,869","2,179","10,934","2,774","626",46,"21,547","21,688","13,146","4,724","38,673.58",NA,NA,"29,939","59,185"
"13",90006,"Pico Union Fire Station No. 13","Fire","01","completed","92371","5/18/2004","$58,434","$50,000","5/18/2004","09/07/04","","44,074","18,869","2,179","10,934","2,774","626",46,"21,547","21,688","13,146","4,724","38,673.58",NA,NA,"29,939","59,185"
"14",90008,"Crenshaw Fire Station No. 94","Fire","10","completed","90026","2/5/2008","$124,000","$102,000","2/5/2008","none required","5/15/11","7,561","2,747","22,581","829","1,258","144",30,"10,188","9,808","8,840","4,942","38,673.58",NA,NA,"40,973","32,327"
"15",90011,"Newton Police Station","Police","09","completed","92866","9/16/1991","$182,000","$182,000","12/1/1994","","3/1/97","92,879","35,138","9,764","591","4,384","1,219",37,"49,755","35,378","16,922","4,783","28,883.41",NA,NA,"29,969","103,892"
"16",90011,"Ross Snyder Community Center","Rec+Parks","09","completed","90039","10/1/1999","$20,000","$7,000","10/1/1999","5/15/00","3/27/03","92,879","35,138","9,764","591","4,384","1,219",37,"49,755","35,379","16,922","4,784","28,883.41",NA,NA,"29,969","103,892"
"17",90011,"Fred Roberts Gymnasium and Recreation Center","Rec+Parks","09","completed","90026","5/8/2007","$38,000","$39,500","5/8/2007","09/26/07","5/7/11","92,879","35,138","9,764","591","4,384","1,219",37,"49,755","35,383","16,922","4,788","28,883.41",NA,NA,"29,969","103,892"
"18",90011,"South LA Fire Station No. 21","Fire","09","completed","33140","4/28/2003","$56,000","$56,000","4/28/2003","","","92,879","35,138","9,764","591","4,384","1,219",37,"49,755","35,380","16,922","4,785","28,883.41",NA,NA,"29,969","103,892"
"19",90011,"Gilbert Lindsay Recreation Center","Rec+Parks","09","completed","90037","4/12/2007","$15,000","$12,300","4/12/2007","09/27/07","4/11/10","92,879","35,138","9,764","591","4,384","1,219",37,"49,755","35,382","16,922","4,787","28,883.41",NA,NA,"29,969","103,892"
"20",90011,"Central Ave. Neighborhood City Hall","BOE","09","completed","90037","9/19/2006","$71,565","$58,680","9/19/2006","6/10/08","9/18/09","92,879","35,138","9,764","591","4,384","1,219",37,"49,755","35,381","16,922","4,786","28,883.41",NA,NA,"29,969","103,892"
"21",90012,"Downey Child Care Center","Rec+Parks","01","completed","90046","1/1/1999","$9,100","$7,600","1/1/1999","4/8/99","5/6/99","8,426","8,432","4,260","13,696","870","186",56,"7,550","13,066","6,800","4,355","38,673.58",NA,NA,"39,775","27,522"
"22",90012,"DWP Perimeter Picket Fence","DWP","01","completed","90063","1/1/1994","$99,500","$99,500","1/1/1994","","4/1/96","8,426","8,432","4,260","13,696","870","186",56,"7,550","13,066","6,800","4,355","38,673.58",NA,NA,"39,775","27,522"
"23",90012,"Police Academy | New Training Facility","Police","01","active","90042","5/15/2015","$156,097","$120,000","5/5/2014","11/12/15, 4/19/16","","8,426","8,432","4,260","13,696","870","186",56,"7,550","13,066","6,800","4,355","38,673.58",NA,NA,"39,775","27,522"
"24",90012,"Chinatown Branch Library [#1]","Library","01","completed","90065","2/6/2001","$20,000","$20,000","2/6/2001","4/26/01","3/12/03","8,426","8,432","4,260","13,696","870","186",56,"7,550","13,066","6,800","4,355","38,673.58",NA,NA,"39,775","27,522"
"25",90012,"North Broadway Sidehill Viaduct","BIP","01","completed","92870","8/22/2002","$22,000","$18,040","N/A","11/07/2002","","8,426","8,432","4,260","13,696","870","186",56,"7,550","13,066","6,800","4,355","38,673.58",NA,NA,"39,775","27,522"
"26",90012,"Chinatown Branch Library [#2]","Library","01","completed","91324","6/1/2005","$15,000","$15,000","6/1/2005","n/a","6/24/06","8,426","8,432","4,260","13,696","870","186",56,"7,550","13,066","6,800","4,355","38,673.58",NA,NA,"39,775","27,522"
"27",90012,"LADOT Bus Maintenance & CNG Facility","DOT","14","active","90292","4/22/2014","$172,000","$141,040","07/1/2014","01/05/2015","","8,426","8,432","4,260","13,696","870","186",56,"7,550","13,066","6,800","4,355","38,032.33",NA,NA,"39,775","27,522"
"28",90012,"Police Academy | Renovation","Police","01","active","91106","5/15/2015","$205,487","$120,000","5/5/2014","11/12/15, 4/19/16","","8,426","8,432","4,260","13,696","870","186",56,"7,550","13,066","6,800","4,355","38,673.58",NA,NA,"39,775","27,522"
"29",90012,"US-101 LA / Main Sts. Overcrossing Pedestrian Linkage | Ned Kahn","BIP","14","completed","95472","12/6/2007","$182,925","$149,999","12/6/2007","03/21/2008; 04/24/2008","12/5/10","8,426","8,432","4,260","13,696","870","186",56,"7,550","13,066","6,800","4,355","38,032.33",NA,NA,"39,775","27,522"
"30",90012,"US-101 LA / Main Sts. Overcrossing Pedestrian Linkage | Infranatural","BIP","14","completed","90026","12/6/2007","$303,047","$298,499","12/6/2007","03/21/2008; 04/24/2008","2/5/15","8,426","8,432","4,260","13,696","870","186",56,"7,550","13,066","6,800","4,355","38,032.33",NA,NA,"39,775","27,522"
"31",90012,"Emergency Operations Center | Artist-in-Residence","Police","14","in development","tbd","tbd","$107,317","$88,000","","","","8,426","8,432","4,260","13,696","873","186",56,"7,550","13,066","6,800","4,355","38,032.33",NA,NA,"39,775","27,522"
"32",90012,"Metropolitan Communications Dispatch Center","Police","14","completed","90066","7/15/1998","$150,000","$115,500","9/1/1998","5/18/99, 5/27/99","7/25/02","8,426","8,432","4,260","13,696","870","186",56,"7,550","13,066","6,800","4,355","38,032.33",NA,NA,"39,775","27,522"
"33",90012,"Little Tokyo Branch Library [#1]","Library","14","completed","90034","10/9/2001","$20,000","$20,000","10/9/2001","10/27/01; 3/2/02","6/28/05","8,426","8,432","4,260","13,696","870","186",56,"7,550","13,066","6,800","4,355","38,032.33",NA,NA,"39,775","27,522"
"34",90012,"Metro Detention Center | Site-Specific Artwork","Police","14","completed","10011","3/30/2004","$241,315","$213,830","3/30/2004","","2/26/09","8,426","8,432","4,260","13,696","870","186",56,"7,550","13,066","6,800","4,355","38,032.33",NA,NA,"39,775","27,522"
"35",90012,"Little Tokyo Branch Library [#2]","Library","14","completed","90013","10/1/2004","$15,000","$15,000","10/1/2004","n/a","8/31/05","8,426","8,432","4,260","13,696","870","186",56,"7,550","13,066","6,800","4,355","38,032.33",NA,NA,"39,775","27,522"
"36",90012,"Aiso Street Parking","Police","14","completed","90031","11/2/2005","$300,000","$250,000","11/2/2005","6/13/07","","8,426","8,432","4,260","13,696","870","186",56,"7,550","13,066","6,800","4,355","38,032.33",NA,NA,"39,775","27,522"
"37",90012,"Police Administration Building | Spring Street Sculptures","Police","14","completed","90291","6/18/2007","$609,756","$500,000","6/18/2007","11/19/2007, 12/05/2007, 12/12/2007","11/2/09","8,426","8,432","4,260","13,696","870","186",56,"7,550","13,066","6,800","4,355","38,032.33",NA,NA,"39,775","27,522"
"38",90012,"Police Administration Building | Auditorium Fa√ßade Treatment","Police","14","completed","94110","6/18/2007","$609,756","$500,000","6/18/2007","","","8,426","8,432","4,260","13,696","870","186",56,"7,550","13,066","6,800","4,355","38,032.33",NA,NA,"39,775","27,522"
"39",90012,"Emergency Operations Center | Site-Specific Artwork","Police","14","in development","tbd","tbd","$213,414","$175,000","","","","8,426","8,432","4,260","13,696","872","186",56,"7,550","13,066","6,800","4,355","38,032.33",NA,NA,"39,775","27,522"
"40",90012,"Metro Detention Center | TBD","Police","14","in development","tbd","tbd","$510,503","$418,613","","","","8,426","8,432","4,260","13,696","874","186",56,"7,550","13,066","6,800","4,355","38,032.33",NA,NA,"39,775","27,522"
"41",90012,"Emergency Operations Center | Curated Exhibition","Police","14","in development","tbd","tbd","$365,854","$300,000","","","","8,426","8,432","4,260","13,696","871","186",56,"7,550","13,066","6,800","4,355","38,032.33",NA,NA,"39,775","27,522"
"42",90013,"LAPD Scientific Investigation Division | Technical Lab","Police","14","completed","90013","7/17/2012","$42,960","$35,500","8/15/2012","","6/22/15","2,409","4,386","3,810","1,835","509","168",17,"1,217","5,130","4,319","1,463","38,032.33",NA,NA,"17,628","11,772"
"43",90013,"Metro Transport Division / Main Street Parking [MTD/MSP]","Police","14","in development","tbd","tbd","$343,984","$282,067","","","","2,409","4,386","3,810","1,835","509","168",17,"1,217","5,130","4,319","1,464","38,032.33",NA,NA,"17,628","11,772"
"44",90016,"King Boulevard Gateway","BOE","10","completed","90013","10/25/2011","$160,512","$150,000","10/25/2011","12/9/2011","7/11/14","25,462","11,653","17,829","1,473","2,375","429",54,"17,324","16,059","11,210","4,770","38,673.58",NA,NA,"37,223","47,596"
"45",90016,"Wilt Chamberlain Memorial Plaque","Rec+Parks","10","completed","90069","8/1/2001","$26,450","$23,000","8/1/2001","N/A","7/23/02","25,462","11,653","17,829","1,473","2,375","429",54,"17,324","16,059","11,210","4,768","38,673.58",NA,NA,"37,223","47,596"
"46",90016,"Air Treatment Facility | NCOS 6000 Jefferson","BOE","10","completed","90026","6/21/2005","$69,000","$56,580","6/21/2005","12/7/07","11/16/10","25,462","11,653","17,829","1,473","2,375","429",54,"17,324","16,059","11,210","4,769","38,673.58",NA,NA,"37,223","47,596"
"47",90016,"Washington Irving Branch Library","Library","10","completed","90221","6/1/1993","$23,000","$23,000","6/1/1993","","4/12/01","25,462","11,653","17,829","1,473","2,375","429",54,"17,324","16,059","11,210","4,767","38,673.58",NA,NA,"37,223","47,596"
"48",90017,"Rampart Police Station | Mural","Police","10","in development","tbd","tbd","$91,708","$75,200","","","","16,526","8,266","1,430","3,225","1,291","481",24,"9,377","9,297","3,916","1,743","38,673.58",NA,NA,"20,956","23,768"
"49",90017,"Rampart Police Station | Curated Exhibition","Police","10","in development","tbd","tbd","$195,121","$160,000","","","","16,526","8,266","1,430","3,225","1,291","481",24,"9,377","9,297","3,916","1,743","38,673.58",NA,NA,"20,956","23,768"
"50",90018,"South LA Care and Control Center","Animal Services","10","completed","90058","9/1/1998","$40,000","$33,000","9/1/1998","3/15/1999","4/18/01","29,312","12,825","15,663","1,821","2,326","471",65,"18,265","16,375","11,265","5,154","38,673.58",NA,NA,"33,137","49,310"
"51",90018,"Jefferson Branch Library","Library","10","completed","91602","11/1/1998","$20,000","$20,000","4/1/1999","10/04/99","7/10/03","29,312","12,825","15,663","1,821","2,326","471",65,"18,265","16,375","11,265","5,154","38,673.58",NA,NA,"33,137","49,310"
"52",90019,"Wilshire Police Station","Police","10","completed","90019","9/16/1994","$150,000","$150,000","11/1/1995","","3/31/99","29,701","19,321","15,249","10,149","3,108","577",59,"20,339","23,532","15,899","7,087","38,673.58",NA,NA,"42,615","64,458"
"53",90019,"Baldwin Hills Branch Library","Library","10","completed","91602","5/6/1999","$20,000","$20,000","5/6/1999","12/6/99","4/23/02","29,701","19,321","15,249","10,149","3,108","577",59,"20,339","23,532","15,899","7,089","38,673.58",NA,NA,"42,615","64,458"
"54",90019,"Memorial Branch Library","Library","04","completed","90042","10/1/1994","$19,000","$19,000","10/1/1994","5/15/95","4/1/96","29,701","19,321","15,249","10,149","3,108","577",59,"20,339","23,532","15,899","7,088","58,888.16",NA,NA,"42,615","64,458"
"55",90023,"Sixth Street Viaduct","BIP","14","active","90027","7/25/2012","$1,650,000","$1,353,000","12/15/15","","","44,854","22,777","308","273","1,455","560",32,"20,465","15,086","8,077","3,562","38,032.33",NA,NA,"33,812","45,903"
"56",90023,"Stevenson Branch Library","Library","14","completed","90028","10/1/1994","$13,500","$13,500","10/1/1994","05/06/96","12/1/96","44,854","22,777","308","273","1,455","560",32,"20,465","15,086","8,075","3,562","38,032.33",NA,NA,"33,812","45,903"
"57",90023,"Air Treatment Facility | Mission & Jesse","BOE","14","completed","90023","11/17/2005","$148,920","$77,200","5/2/2013","11/03/11","6/27/15","44,854","22,777","308","273","1,455","560",32,"20,465","15,086","8,076","3,562","38,032.33",NA,NA,"33,812","45,903"
"58",90024,"Westwood Parking Structure","DOT","05","completed","90065","2/1/1997","$70,000","$70,000","2/1/1997","5-8-97","12/15/00","4,314","29,232","1,018","12,615","2,608","79",57,"25,514","11,056","6,058","3,562","64,545.08",NA,NA,"52,965","33,588"
"59",90024,"Westwood Branch Library [#1]","Library","05","completed","90086","6/28/2001","$20,000","$20,000","6/28/2001","01/08/02","4/20/05","4,314","29,232","1,018","12,615","2,608","79",58,"25,514","11,056","6,058","3,562","64,545.08",NA,NA,"52,965","33,588"
"60",90024,"Westwood Branch Library [#2]","Library","05","completed","92870","9/1/2004","$15,000","$15,000","9/1/2004","n/a","5/3/05","4,314","29,232","1,018","12,615","2,608","79",59,"25,514","11,056","6,058","3,562","64,545.08",NA,NA,"52,965","33,588"
"61",90025,"Stoner Recreation Center","Rec+Parks","11","completed","90031","9/7/2000","$21,450","$17,000","9/7/2000","11/01/00","3/3/03","6,354","27,257","1,185","8,382","2,285","210",49,"9,559","20,132","8,673","4,988","82,595.81",NA,NA,"68,806","42,147"
"62",90025,"Santa Monica Blvd. Transit Parkway","BOE","05","completed","90291","8/7/2003","$398,401","$382,000","8/7/2003","","","6,355","27,257","1,186","8,382","2,285","210",50,"9,559","20,132","8,673","4,988","64,545.08",NA,NA,"68,806","42,147"
"63",90026,"LAPD Metropolitan Division [Old Rampart Renovation]","Police","13","completed","90039","3/6/2012","$176,860","$145,000","3/6/2012","9/25/2014, 11/19/2014","4/8/16","38,701","31,713","2,001","11,759","3,353","852",84,"21,064","27,881","15,027","6,102","39,267.94",NA,NA,"43,918","67,869"
"64",90026,"Edendale Branch Library","Library","13","completed","90026","5/24/2001","$20,000","$20,000","5/24/2001","7/17/01","2/8/05","38,701","31,713","2,001","11,759","3,353","852",84,"21,064","27,881","15,027","6,102","39,267.94",NA,NA,"43,918","67,869"
"65",90026,"Echo Park Childcare Center","Rec+Parks","01","completed","90230","12/16/1999","$7,600","$7,600","12/28/1999","8/22/00","4/14/03","38,701","31,713","2,001","11,759","3,353","852",84,"21,064","27,881","15,027","6,102","38,673.58",NA,NA,"43,918","67,869"
"66",90027,"Winnick Family Children's Zoo","Zoo","04","completed","87305","11/9/2000","$252,000","$252,000","11/9/2000","12/00","9/12/01","9,568","31,535","1,412","5,993","2,056","203",36,"9,309","19,757","11,304","6,277","58,888.16",NA,NA,"54,878","45,151"
"67",90027,"Los Angeles Zoo [#1] (revisited)","Zoo","04","completed","90063","3/20/2002","$297,170","$243,680","4/15/2002","11/26/06; 07/31/03","9/7/04","9,569","31,535","1,412","5,993","2,056","203",36,"9,309","19,757","11,304","6,277","58,888.16",NA,NA,"54,878","45,151"
"68",90027,"Los Feliz Branch Library","Library","04","completed","90232","1/1/1996","$28,000","$28,000","1/1/1996","04/28/97; 12/19/97","6/1/99","9,567","31,535","1,412","5,993","2,056","203",36,"9,309","19,757","11,304","6,277","58,888.16",NA,NA,"54,878","45,151"
"69",90028,"Hollywood Fire Station No. 82","Fire","13","completed","87502","11/30/2007","$100,000","$105,001","11/30/2007","10/14/08","3/31/16","9,229","18,132","2,282","2,396","1,422","211",59,"7,340","13,227","5,873","3,020","39,267.94",NA,NA,"31,718","28,714"
"70",90029,"Cahuenga Branch Library","Library","13","completed","90012","10/1/1994","$19,000","$19,000","10/1/1994","07/26/95","5/31/97","22,660","16,947","1,232","6,285","1,898","343",40,"12,248","14,607","8,963","4,061","39,267.94",NA,NA,"35,870","38,617"
"71",90031,"Ave. 19 East + West Bridges","BIP","01","completed","90039","8/28/2002","$28,000","$10,000","N/A","1/16/2003","8/27/05","26,643","14,012","525","9,970","1,475","427",25,"14,671","12,878","8,814","4,206","38,673.58",NA,NA,"34,035","39,316"
"72",90031,"Downey Park Swimming Pool","Rec+Parks","01","completed","90058","10/1/2009","$25,000","$20,500","10/1/2009","none required","9/30/12","26,643","14,012","525","9,970","1,475","427",25,"14,671","12,878","8,814","4,206","38,673.58",NA,NA,"34,035","39,316"
"73",90031,"North Central Animal Care & Services Center","Animal Services","01","completed","90058","11/14/2002","$98,000","$80,360","11/14/2002","10/11/5","2/28/07","26,643","14,012","525","9,970","1,475","427",25,"14,671","12,878","8,814","4,206","38,673.58",NA,NA,"34,035","39,316"
"74",90031,"Lincoln Heights Branch Library","Library","01","completed","92651","10/1/1994","$19,000","$19,000","10/1/1994","4/29/95; 9/14/95","5/31/97","26,643","14,012","525","9,970","1,475","427",25,"14,671","12,878","8,814","4,206","38,673.58",NA,NA,"34,035","39,316"
"75",90031,"Ave. 19 Bridges","BIP","01","completed","90291","12/21/2004","$28,000","$10,000","N/A","02/05/2005","7/7/05","26,643","14,012","525","9,970","1,475","427",25,"14,671","12,878","8,814","4,206","38,673.58",NA,NA,"34,035","39,316"
"76",90032,"Barrio Action Youth and Family Center","BOE","14","completed","90031","11/6/2006","$45,000","$36,900","11/6/2006","2/01/07, 2/07/07","2/26/08","37,372","20,608","1,050","5,120","1,878","680",33,"17,822","14,823","9,785","4,809","38,032.33",NA,NA,"44,197","45,786"
"77",90032,"El Sereno Recreation Center","Rec+Parks","14","completed","91030","9/1/1997","$30,000","$23,000","7/1/1997","8/21/97","2/3/00","37,372","20,608","1,050","5,120","1,878","680",33,"17,822","14,823","9,785","4,809","38,032.33",NA,NA,"44,197","45,786"
"78",90032,"El Sereno Branch Library","Library","14","completed","90031","2/20/2001","$20,000","$20,000","2/20/2001","2/26/01","12/30/03","37,372","20,608","1,050","5,120","1,878","680",33,"17,822","14,823","9,785","4,809","38,032.33",NA,NA,"44,197","45,786"
"79",90032,"Valley Boulevard Grade Separation","BOE","14","completed","90042","8/26/2002","$180,000","$226,000","8/8/2002","02/25/03 & 1/14/08","3/25/12","37,372","20,608","1,050","5,120","1,878","680",33,"17,822","14,823","9,785","4,809","38,032.33",NA,NA,"44,197","45,786"
"80",90032,"El Sereno Constituent Services Center | CD 14","BOE","14","completed","90048","11/8/2006","$17,900","$15,000","11/18/2006","4/5/07","3/7/08","37,372","20,608","1,050","5,120","1,878","680",33,"17,822","14,823","9,785","4,809","38,032.33",NA,NA,"44,197","45,786"
"81",90033,"State + Soto St. Bridges","BIP","14","completed","90291","8/6/2002","$27,930","$20,000","N/A","01/13/2003","","44,703","22,458","926","2,124","1,938","538",23,"21,307","15,470","9,045","4,423","38,032.33",NA,NA,"29,978","48,852"
"82",90033,"Boyle Heights Youth and Job Training Center","CDD","14","completed","90026","8/26/2002","$50,000","$41,000","8/26/2002","03/11/03","9/26/06","44,703","22,458","926","2,124","1,938","538",23,"21,307","15,470","9,045","4,423","38,032.33",NA,NA,"29,978","48,852"
"83",90033,"Hollenbeck Police Station | Memorial to Fallen Officers","Police","14","active","90007","3/8/2012","$30,730","$25,000","3/8/2012","5/20/15","","44,703","22,458","926","2,124","1,938","538",23,"21,307","15,470","9,045","4,423","38,032.33",NA,NA,"29,978","48,852"
"84",90033,"Hollenbeck Police Station | Site-Specific Artwork","Police","14","active","90031","7/1/2014","$209,947","$170,800","7/1/14","5/20/15","","44,703","22,458","926","2,124","1,938","538",23,"21,307","15,470","9,045","4,423","38,032.33",NA,NA,"29,978","48,852"
"85",90033,"Aliso Pico Community Center","Rec+Parks","14","completed","90034","11/1/1997","$20,000","$17,000","11/1/1997","01/20/1998, 2/10/98","10/31/99","44,703","22,458","926","2,124","1,938","538",23,"21,307","15,470","9,045","4,423","38,032.33",NA,NA,"29,978","48,852"
"86",90033,"Pecan Park Gymnasium","Rec+Parks","14","completed","90065-2152","11/6/2002","$19,400","$15,908","11/6/2002","8/5/03","11/5/05","44,703","22,458","926","2,124","1,938","538",23,"21,307","15,470","9,045","4,423","38,032.33",NA,NA,"29,978","48,852"
"87",90033,"Malabar Branch Library","Library","14","completed","91941","2/1/1995","$13,500","$13,500","2/1/1995","04/27/96","3/18/97","44,703","22,458","926","2,124","1,938","538",23,"21,307","15,470","9,045","4,423","38,032.33",NA,NA,"29,978","48,852"
"88",90033,"Evergreen Childcare Center","Rec+Parks","14","completed","90026","9/1/1997","$9,100","$7,600","9/1/1997","5/12/98","9/15/05","44,703","22,458","926","2,124","1,938","538",23,"21,307","15,470","9,045","4,423","38,032.33",NA,NA,"29,978","48,852"
"89",90035,"Robertson Branch Library","Library","05","completed","90046","5/1/1992","$25,000","$25,000","","2/18/93;11/22/93","3/17/98","2,428","21,614","2,568","1,786","1,368","82",17,"7,503","10,841","6,871","4,137","64,545.08",NA,NA,"67,964","28,418"
"90",90036,"Pan Pacific Park Recreation Center","Rec+Parks","04","completed","90504","12/8/1998","$39,000","$34,000","12/8/1998","5/20/99","1/15/02","2,992","24,801","2,148","7,519","1,384","74",38,"9,483","17,830","7,232","3,377","58,888.16",NA,NA,"77,165","36,865"
"91",90036,"Fairfax Branch Library","Library","04","completed","90232","8/9/2001","$35,000","$35,000","8/9/2001","03/06/02","9/21/05","2,993","24,801","2,148","7,519","1,384","74",38,"9,483","17,830","7,232","3,377","58,888.16",NA,NA,"77,165","36,865"
"92",90036,"Fremont Branch Library","Library","04","completed","90405","10/1/1994","$19,000","$19,000","10/1/1994","","4/1/96","2,991","24,801","2,148","7,519","1,384","74",38,"9,483","17,830","7,232","3,377","58,888.16",NA,NA,"77,165","36,865"
"93",90036,"Fairfax Branch Library [#2]","Library","04","completed","90019","7/11/2009","$30,000","$30,000","7/11/2009","8/11/09","7/27/10","2,994","24,801","2,148","7,519","1,384","74",38,"9,483","17,830","7,232","3,377","58,888.16",NA,NA,"77,165","36,865"
"94",90037,"Junipero Serra Branch Library","Library","09","completed","90019","1/1/1996","$28,000","$28,000","1/1/1996","9/21/95","6/1/99","46,954","16,396","13,893","540","2,521","686",58,"27,119","21,033","12,343","3,889","28,883.41",NA,NA,"29,130","62,276"
"95",90037,"Exposition Park Intergenerational Community Center","Rec+Parks","09","completed","90042","2/2/2000","$190,000","$155,800","6/30/2000","09/26/00","5/14/03","46,954","16,397","13,893","540","2,521","686",58,"27,119","21,033","12,343","3,889","28,883.41",NA,NA,"29,130","62,276"
"96",90037,"Vermont Square Branch Library","Library","09","completed","95064","10/1/1994","$19,000","$19,000","10/1/1994","09/06/95","1/23/97","46,954","16,395","13,893","540","2,521","686",58,"27,119","21,033","12,343","3,889","28,883.41",NA,NA,"29,130","62,276"
"97",90038,"Hollywood Pool and Bathhouse","Rec+Parks","13","active","90058","1/18/2012","$20,000","$16,400","1/18/2012","n/a","","17,056","14,888","1,224","2,348","1,465","194",41,"9,273","12,007","6,274","2,191","39,267.94",NA,NA,"36,690","28,917"
"98",90039,"Los Feliz Bikeway Bridge","BIP","04","completed","92104","8/1/1999","$10,000","$9,000","8/1/1999","N/A","1/23/02","11,674","16,118","647","5,239","1,472","185",41,"7,148","11,270","7,269","3,759","58,888.16",NA,NA,"62,134","28,514"
"99",90039,"Silver Lake Branch Library [#2]","Library","13","completed","90026","4/18/2008","$41,300","$35,000","4/18/2008","11/19/2008","4/17/11","11,675","16,118","647","5,239","1,472","185",41,"7,148","11,270","7,269","3,759","39,267.94",NA,NA,"62,134","28,514"
"100",90041,"Eagle Rock Child Care Center","Rec+Parks","14","completed","90266","7/16/1999","$9,100","$7,600","11/23/1998","3/9/99","4/15/02","9,869","13,477","612","7,778","1,447","204",29,"8,577","8,594","7,269","3,900","38,032.33",NA,NA,"62,318","27,425"
"101",90041,"Yosemite Park Recreation Center","Rec+Parks","14","completed","90039","9/6/2000","$16,000","$14,000","9/6/2000","","11/25/03","9,869","13,477","612","7,778","1,447","204",29,"8,577","8,594","7,269","3,901","38,032.33",NA,NA,"62,318","27,425"
"102",90043,"Van Ness Childcare Center","Rec+Parks","08","completed","90046","9/1/1998","$9,100","$7,600","9/1/1998","3/31/99","8/2/01","13,049","4,923","29,500","380","1,922","273",39,"15,289","12,878","12,150","6,299","30,989.52",NA,NA,"47,856","44,789"
"103",90043,"Van Ness Park Gymnasium","Rec+Parks","08","completed","90026","11/20/2003","$18,080","$14,825","11/20/2002","10/21/04","9/21/06","13,049","4,923","29,500","380","1,922","273",39,"15,289","12,878","12,150","6,299","30,989.52",NA,NA,"47,856","44,789"
"104",90043,"Hyde Park Branch Library","Library","08","completed","90012","8/7/2001","$20,000","$20,000","8/7/2001","9/19/01","2/8/05","13,049","4,923","29,500","380","1,922","273",39,"15,289","12,878","12,150","6,299","30,989.52",NA,NA,"47,856","44,789"
"105",90043,"Angeles Mesa Branch Library","Library","08","completed","90037","1/1/1997","$16,000","$16,000","1/1/1997","4/9/97","6/1/99","13,049","4,923","29,500","380","1,922","273",39,"15,289","12,878","12,150","6,299","30,989.52",NA,NA,"47,856","44,789"
"106",90044,"Algin Sutton Child Care Center","Rec+Parks","08","completed","90019","9/1/1997","$9,100","$7,600","1/1/1998","3/31/98","1/13/00","54,351","20,135","33,656","338","3,566","666",81,"39,807","28,605","17,957","6,566","30,989.52",NA,NA,"30,862","89,779"
"107",90044,"Y.O.U Alternative High School","CDD","08","completed","90305","1/1/1996","$30,000","$30,000","1/1/1996","10/11/1996","7/22/02","54,351","20,135","33,656","338","3,566","666",81,"39,807","28,605","17,957","6,566","30,989.52",NA,NA,"30,862","89,779"
"108",90044,"John Muir Branch Library","Library","08","completed","90717","11/1/1996","$18,750","$19,000","","","1/10/98","54,351","20,135","33,656","338","3,566","666",81,"39,807","28,605","17,957","6,566","30,989.52",NA,NA,"30,862","89,779"
"109",90044,"Algin Sutton Recreation Center Pool","Rec+Parks","08","completed","90019","9/1/1997","$9,100","$7,600","9/1/1997","3/31/98","1/13/00","54,351","20,135","33,656","338","3,566","666",81,"39,807","28,605","17,957","6,566","30,989.52",NA,NA,"30,862","89,779"
"110",90045,"Tom Bradley International Terminal","LAWA","11","completed","11217","3/8/2007","$18,000","$18,000","3/1/2008","n/a","2/28/11","7,203","24,136","5,605","4,751","2,396","148",135,"13,999","12,598","10,006","4,425","82,595.81",NA,NA,"93,889","39,476"
"111",90045,"Tom Bradley International Terminal","LAWA","11","completed","90302","3/8/2007","$13,100","$13,100","3/1/2008","n/a","2/28/11","7,203","24,136","5,605","4,751","2,396","148",135,"13,999","12,598","10,006","4,425","82,595.81",NA,NA,"93,889","39,476"
"112",90045,"La Tijera Blvd. Bridge over Centinela Creek","BIP","11","completed","91741","9/23/2003","$15,000","$10,000","N/A","12/07/2004","","7,203","24,136","5,605","4,751","2,396","148",135,"13,999","12,598","10,006","4,425","82,595.81",NA,NA,"93,889","39,476"
"113",90045,"Tom Bradley International Terminal","LAWA","11","completed","93003","3/8/2007","$9,461","$9,461","3/1/2008","n/a","2/28/11","7,203","24,136","5,605","4,751","2,396","148",135,"13,999","12,598","10,006","4,425","82,595.81",NA,NA,"93,889","39,476"
"114",90045,"Tom Bradley International Terminal","LAWA","11","completed","77006","3/8/2007","$15,000","$15,000","3/1/2008","n/a","2/28/11","7,203","24,136","5,605","4,751","2,396","148",135,"13,999","12,598","10,006","4,425","82,595.81",NA,NA,"93,889","39,476"
"115",90045,"Tom Bradley International Terminal","LAWA","11","completed","91214","3/8/2007","$15,100","$15,100","3/1/2008","n/a","2/28/11","7,203","24,136","5,605","4,751","2,396","148",135,"13,999","12,598","10,006","4,425","82,595.81",NA,NA,"93,889","39,476"
"116",90045,"Tom Bradley International Terminal","LAWA","11","completed","11211","3/8/2007","$12,979","$12,979","3/1/2008","n/a","2/28/11","7,203","24,136","5,605","4,751","2,396","148",135,"13,999","12,598","10,006","4,425","82,595.81",NA,NA,"93,889","39,476"
"117",90045,"Tom Bradley International Terminal","LAWA","11","completed","60605","3/8/2007","$16,000","$16,000","3/1/2008","","2/28/11","7,203","24,136","5,605","4,751","2,396","148",135,"13,999","12,598","10,006","4,425","82,595.81",NA,NA,"93,889","39,476"
"118",90045,"Tom Bradley International Terminal","LAWA","11","completed","11373","3/8/2007","$17,000","$17,000","3/1/2008","n/a","2/28/11","7,203","24,136","5,605","4,751","2,396","148",135,"13,999","12,598","10,006","4,425","82,595.81",NA,NA,"93,889","39,476"
"119",90045,"Tom Bradley International Terminal","LAWA","11","completed","92024","3/8/2007","$16,665","$16,665","3/1/2008","n/a","2/28/11","7,203","24,136","5,605","4,751","2,396","148",135,"13,999","12,598","10,006","4,425","82,595.81",NA,NA,"93,889","39,476"
"120",90045,"Tom Bradley International Terminal","LAWA","11","completed","10018","3/8/2007","$16,000","$16,000","3/1/2008","n/a","2/28/11","7,203","24,136","5,605","4,751","2,396","148",135,"13,999","12,598","10,006","4,425","82,595.81",NA,NA,"93,889","39,476"
"121",90045,"Bradley West International Terminal Expansion","LAWA","11","completed","90068","","$1,219,512","$1,000,000","12/2/2011","","","7,203","24,136","5,605","4,751","2,396","148",135,"13,999","12,598","10,006","4,425","82,595.81",NA,NA,"93,889","39,476"
"122",90045,"Tom Bradley International Terminal","LAWA","11","completed","90066","3/8/2007","$12,730","$12,730","3/1/2008","n/a","2/28/11","7,203","24,136","5,605","4,751","2,396","148",135,"13,999","12,598","10,006","4,425","82,595.81",NA,NA,"93,889","39,476"
"123",90045,"Tom Bradley International Terminal","LAWA","11","completed","94131","3/8/2007","$14,770","$14,770","3/1/2008","n/a","2/28/11","7,203","24,136","5,605","4,751","2,396","148",135,"13,999","12,598","10,006","4,425","82,595.81",NA,NA,"93,889","39,476"
"124",90045,"Westchester-Loyola Village Branch Library","Library","11","completed","90031","2/26/2001","$20,000","$20,000","2/26/2001","3/26/01","2/25/03","7,203","24,136","5,605","4,751","2,396","148",135,"13,999","12,598","10,006","4,425","82,595.81",NA,NA,"93,889","39,476"
"125",90045,"Tom Bradley International Terminal","LAWA","11","completed","10011","3/8/2007","$12,725","$12,725","3/1/2008","n/a","2/28/11","7,203","24,136","5,605","4,751","2,396","148",135,"13,999","12,598","10,006","4,425","82,595.81",NA,NA,"93,889","39,476"
"126",90045,"Bradley West International Terminal Expansion","LAWA","11","completed","90031","","$1,283,902","$1,052,800","12/2/2011","","","7,203","24,136","5,605","4,751","2,396","148",135,"13,999","12,598","10,006","4,425","82,595.81",NA,NA,"93,889","39,476"
"127",90045,"Westchester Fire Station No. 5 [#2]","Fire","11","completed","90042","2/19/2008","$72,370","$47,000","2/19/2008","3/16/09","2/18/11","7,203","24,136","5,605","4,751","2,396","148",135,"13,999","12,598","10,006","4,425","82,595.81",NA,NA,"93,889","39,476"
"128",90045,"Tom Bradley International Terminal","LAWA","11","completed","11205","3/8/2007","$15,960","$15,960","3/1/2008","n/a","2/28/11","7,203","24,136","5,605","4,751","2,396","148",135,"13,999","12,598","10,006","4,425","82,595.81",NA,NA,"93,889","39,476"
"129",90045,"Tom Bradley International Terminal","LAWA","11","completed","94105","3/8/2007","$12,700","$12,700","3/1/2008","","2/28/11","7,203","24,136","5,605","4,751","2,396","148",135,"13,999","12,598","10,006","4,425","82,595.81",NA,NA,"93,889","39,476"
"130",90045,"Tom Bradley International Terminal","LAWA","11","completed","94103","3/8/2007","$16,000","$16,000","3/1/2008","n/a","2/28/11","7,203","24,136","5,605","4,751","2,396","148",135,"13,999","12,598","10,006","4,425","82,595.81",NA,NA,"93,889","39,476"
"131",90045,"Bradley West International Terminal Expansion","LAWA","11","completed","90008","","$1,219,512","$1,000,000","12/2/2011","","","7,203","24,136","5,605","4,751","2,396","148",135,"13,999","12,598","10,006","4,425","82,595.81",NA,NA,"93,889","39,476"
"132",90045,"Tom Bradley International Terminal","LAWA","11","completed","90041","3/8/2007","$15,810","$15,810","3/1/2008","n/a","2/28/11","7,203","24,136","5,605","4,751","2,396","148",135,"13,999","12,598","10,006","4,425","82,595.81",NA,NA,"93,889","39,476"
"133",90045,"Ahmanson Recruit Training Center","Police","11","completed","90031","1/1/1995","$375,000","$375,000","1/1/1995","","2/10/98","7,203","24,136","5,605","4,751","2,396","148",135,"13,999","12,598","10,006","4,425","82,595.81",NA,NA,"93,889","39,476"
"134",90045,"F.A.A Air Traffic Control Tower","LAWA","11","completed","98232","7/1/1992","$68,500","$64,000","","","10/1/95","7,203","24,136","5,605","4,751","2,396","148",135,"13,999","12,598","10,006","4,425","82,595.81",NA,NA,"93,889","39,476"
"135",90046,"Will & Ariel Durant Branch Library [#2]","Library","04","completed","90026","2/18/2009","$20,000","$20,000","2/18/2009","3/17/09","2/17/12","4,787","40,807","1,708","2,642","1,813","160",42,"7,704","23,874","11,712","6,605","58,888.16",NA,NA,"66,063","48,581"
"136",90046,"Will & Ariel Durant Branch Library","Library","04","completed","90291","12/19/2000","$20,000","$20,000","12/19/2000","1/17/01; 04/16/01","6/2/04","4,787","40,807","1,708","2,642","1,813","160",42,"7,704","23,874","11,712","6,605","58,888.16",NA,NA,"66,063","48,581"
"137",90047,"South LA Animal Shelter","Animal Services","08","completed","90045","4/2/2009","$170,000","$130,000","4/2/2009","","12/18/12","15,393","5,734","31,915","260","1,656","223",54,"17,826","14,128","12,204","6,409","30,989.52",NA,NA,"42,795","48,606"
"138",90048,"Robertson Boulevard Parking Structure","DOT","05","completed","90065","2/1/1997","$60,000","$60,000","2/1/1997","06/10/97","11/30/98","1,579","17,978","652","1,571","799","37",15,"3,489","10,028","4,927","3,586","64,545.08",NA,NA,"71,132","21,397"
"139",90049,"US-405 Sepulveda Pass Widening","BIP","05","completed","90065","","$25,000","$25,000","N/A","04/08/2010; 04/22/2010; 05/27/2010","","1,934","29,864","514","3,076","1,398","48",27,"8,358","12,405","9,440","6,573","64,545.08",NA,NA,"131,636","35,482"
"140",90057,"Lafayette Park Gymnasium/Community Center","Rec+Parks","10","completed","90302","8/10/2005","$35,000","$28,700","8/10/2005","4/25/2006","11/12/10","31,147","12,924","2,087","8,991","2,389","722",99,"16,274","17,476","8,449","4,003","38,673.58",NA,NA,"26,694","44,998"
"141",90057,"Felipe de Neve Branch Library","Library","10","completed","90803","10/1/1994","$19,000","$19,000","10/1/1994","","10/27/98","31,147","12,924","2,087","8,991","2,389","722",99,"16,274","17,476","8,449","4,003","38,673.58",NA,NA,"26,694","44,998"
"142",90059,"109th Street Pool","Rec+Parks","15","completed","90039","6/30/2009","$36,400","$18,500","6/30/2009","","3/1/11","26,242","8,900","14,047","116","1,467","274",64,"20,002","12,283","7,618","2,337","44,302.32",NA,NA,"32,094","40,952"
"143",90059,"Imperial Courts Community Center","Rec+Parks","15","completed","90039","7/1/1997","$14,000","$16,250","7/1/1997","8/27/97","9/4/02","26,242","8,900","14,047","116","1,467","274",64,"20,002","12,283","7,618","2,337","44,302.32",NA,NA,"32,094","40,952"
"144",90061,"South LA Fire Station No. 64","Fire","08","completed","90066","9/23/2003","$58,434","$66,000","9/23/2003","01/25/05","3/19/09","16,379","5,794","10,026","96","979","170",44,"12,054","8,367","5,248","2,085","30,989.52",NA,NA,"37,564","26,872"
"145",90062,"Martin Luther King Therapeutic Center","Rec+Parks","08","completed","90034","7/1/1999","$8,000","$8,000","7/1/1999","","8/1/03","19,373","6,955","12,420","387","1,473","275",28,"13,095","10,550","7,469","2,957","30,989.52",NA,NA,"33,418","32,821"
"146",90062,"Exposition Park Regional Branch Library","Library","08","completed","91101","8/9/2006","$41,300","$35,000","8/9/2006","10/11/2007","8/6/08","19,373","6,955","12,420","387","1,473","275",28,"13,095","10,550","7,469","2,958","30,989.52",NA,NA,"33,418","32,821"
"147",90064,"Palms Area Child Care Center","Rec+Parks","05","completed","90023","2/20/2001","$9,100","$7,600","2/22/2001","5/29/01","2/5/03","3,827","17,703","670","4,265","1,297","68",26,"6,744","8,921","6,748","3,947","64,545.08",NA,NA,"86,533","25,403"
"148",90064,"Palms-Rancho Park Branch Library","Library","05","completed","90066","4/27/2000","$20,000","$20,000","4/7/2000","8/8/00","2/24/03","3,826","17,703","670","4,265","1,297","68",26,"6,744","8,921","6,748","3,947","64,545.08",NA,NA,"86,533","25,403"
"149",90064,"West LA Parking Structure","DOT","05","completed","90046","1/1/1996","$37,000","$30,000","1/1/1996","","10/20/99","3,825","17,703","670","4,265","1,297","68",26,"6,744","8,921","6,748","3,947","64,545.08",NA,NA,"86,533","25,403"
"150",90064,"West LA Animal Care & Services Center","Animal Services","11","completed","90019","4/29/2003","$70,600","$58,000","4/29/2003","11/6/3","10/23/07","3,828","17,703","670","4,265","1,297","68",26,"6,744","8,921","6,748","3,947","82,595.81",NA,NA,"86,533","25,403"
"151",90065,"Cypress Park Branch Library [#2]","Library","01","completed","90302","9/1/2004","$10,000","$10,000","9/1/2004","n/a","4/20/05","29,101","22,180","917","7,021","2,320","370",36,"15,134","15,698","11,218","5,041","38,673.58",NA,NA,"56,161","45,527"
"152",90065,"Cypress Park Branch Library [#1]","Library","01","completed","91331","2/9/2000","$20,000","$20,000","2/9/2000","3/27/00","1/6/03","29,101","22,180","917","7,021","2,320","370",36,"15,134","15,698","11,218","5,041","38,673.58",NA,NA,"56,161","45,527"
"153",90065,"Riverside Dr. Bridge | Roundabout","BIP","01","active","90065","3/9/2009","$20,000","$20,000","N/A","3/25/2010, 4/15/2010","","29,101","22,180","917","7,021","2,320","370",36,"15,134","15,698","11,218","5,041","38,673.58",NA,NA,"56,161","45,527"
"154",90065,"Palisades Branch Library","Library","11","completed","92870","9/1/2004","$20,000","$20,000","9/1/2004","n/a","5/18/06","29,101","22,180","917","7,021","2,320","370",36,"15,134","15,698","11,218","5,041","82,595.81",NA,NA,"56,161","45,527"
"155",90066,"Mar Vista Fire Station No. 62","Fire","11","completed","92502","11/4/2003","$58,434","$50,000","11/4/2003","06/08/04","7/13/07","16,768","34,522","2,120","7,979","2,894","447",146,"14,287","22,340","13,703","6,881","82,595.81",NA,NA,"64,732","55,277"
"156",90066,"Mar Vista Library","Library","11","completed","90086","6/23/2000","$20,000","$20,000","6/23/2000","11-16-00","12/4/02","16,768","34,522","2,120","7,979","2,894","447",146,"14,287","22,340","13,703","6,881","82,595.81",NA,NA,"64,732","55,277"
"157",90071,"Civic Center Fire Station No. 4","Fire","14","completed","91001","1/24/2008","$130,000","$76,000","1/24/2008","n/a","1/23/11","5","9","5","1","0","0",0,"4","4","8","0","38,032.33",NA,NA,"18,994","15"
"158",90094,"Playa Vista Branch Library [#2]","Library","11","completed","90045","12/5/2008","$35,000","$35,000","12/5/2008","4/18/09","12/4/09","549","3,124","621","1,207","350","14",13,"1,272","3,032","931","373","82,595.81",NA,NA,"75,221","5,464"
"159",90230,"Culver Slauson Recreation Center","Rec+Parks","11","active","91030","8/1/2013","$11,480","$14,000","08/01/2013","","","10,325","17,175","3,299","4,661","1,806","191",88,"9,218","10,776","8,465","4,588","82,595.81",NA,NA,"74,348","31,766"
"160",90232,"Palms Fire Station No. 43","Fire","05","completed","90302","10/1/2003","$59,198","$50,000","10/1/2003","12/16/3","9/24/07","3,932","9,201","981","2,294","964","71",40,"3,982","5,815","4,093","1,907","64,545.08",NA,NA,"67,167","15,149"
"161",90272,"Pacific Palisades Recreation Center","Rec+Parks","11","completed","90291","11/1/1997","$15,000","$15,000","11/1/1997","7/1/98","9/25/00","1,039","20,682","173","1,228","691","31",9,"6,580","5,081","7,763","4,643","82,595.81",NA,NA,"150,466","22,818"
"162",90291,"Venice Beach Rose Avenue, Restroom Renovation","BOE","11","completed","90031","6/16/2015","$7,500","$6,150","6/16/2015",NA,"6/15/16","5,668","21,817","1,491","1,251","1,293","197",50,"5,647","14,087","7,093","2,501","82,595.81",NA,NA,"71,035","28,341"
"163",90291,"Oakwood Recreation Center","Rec+Parks","11","completed","90034","7/1/1999","$9,100","$7,600","1/1/2000","11/18/99; 12/21/99","5/14/03","5,668","21,817","1,491","1,251","1,293","197",50,"5,647","14,087","7,093","2,501","82,595.81",NA,NA,"71,035","28,341"
"164",90291,"Venice-Abbot Kinney Branch Library","Library","11","completed","91776","10/1/1994","$27,500","$27,500","10/1/1994","03/21/95","8/1/96","5,668","21,817","1,491","1,251","1,293","197",50,"5,647","14,087","7,093","2,501","82,595.81",NA,NA,"71,035","28,341"
"165",90293,"Environmental Learning Center | Hyperion Treatment Plant","BOE","11","completed","90065","12/14/2007","$85,000","$70,000","02/12/2008","11/4/2009","5/26/11","1,284","9,220","692","1,211","653","35",21,"2,054","5,432","3,536","1,577","82,595.81",NA,NA,"104,082","12,132"
"166",90710,"Harbor Gateway-Harbor City Branch Library","Library","15","completed","90035","11/12/2002","$20,000","$20,000","11/12/2002","05/13/04","10/11/06","11,422","10,657","3,390","4,614","1,422","222",153,"8,734","7,931","6,416","3,318","44,302.32",NA,NA,"61,776","25,457"
"167",90731,"Harbor Animal Care & Services Center","Animal Services","15","completed","90731","5/13/2003","$68,100","$55,850","5/13/2003","9/12/5","8/19/08","34,816","31,732","4,369","2,721","3,952","721",352,"20,559","19,732","15,415","6,170","44,302.32",NA,NA,"49,006","59,662"
"168",90731,"Harbor Police Station | Youth Apprenticeship in Public Art [YAPA]","Police","15","in development","tbd","tbd","$89,948","$73,758","","","","31,732","34,816","4,369","2,721","3,952","721",352,"20,559","19,732","15,415","6,170","44,302.32",NA,NA,"49,006","59,662"
"169",90731,"Harbor Police Station | Site-Specific Artwork","Police","15","completed","10013","9/24/2003","$309,302","$253,650","9/24/2003","6/16/4","","34,816","31,732","4,369","2,721","3,952","721",352,"20,559","19,732","15,415","6,170","44,302.32",NA,NA,"49,006","59,662"
"170",90731,"San Pedro Fire Station No. 36","Fire","15","completed","90731","11/18/2003","$58,434","$53,903","11/18/2003","09/13/04","","34,816","31,732","4,369","2,721","3,952","721",352,"20,559","19,732","15,415","6,170","44,302.32",NA,NA,"49,006","59,662"
"171",90731,"Gaffey Street Pool","Rec+Parks","15","active","90813","11/6/2014","$41,000","$68,000","11/6/14","9/21/15","","34,816","31,732","4,369","2,721","3,952","721",352,"20,559","19,732","15,415","6,170","44,302.32",NA,NA,"49,006","59,662"
"172",90731,"Cabrillo Marine Aquarium","Rec+Parks","15","completed","90290","7/1/2001","$54,000","$44,500","7/1/2001","12/04/00","5/21/07","34,816","31,732","4,369","2,721","3,952","721",352,"20,559","19,732","15,415","6,170","44,302.32",NA,NA,"49,006","59,662"
"173",90731,"Harbor Police Station | Lobby Artwork","Police","15","in development","tbd","tbd","$226,340","$185,600","","","","31,732","34,816","4,369","2,721","3,952","721",352,"20,559","19,732","15,415","6,170","44,302.32",NA,NA,"49,006","59,662"
"174",90744,"Banning Park Senior Center","Rec+Parks","15","completed","91741","10/8/2003","$17,300","$17,300","10/8/2003","4/28/4, 4/30/04","8/15/06","47,792","23,800","1,716","1,268","2,701","588",452,"23,766","17,404","10,403","3,783","44,302.32",NA,NA,"41,977","53,584"
"175",90744,"Southern Pacific Slip [#1]","Harbor","15","completed","90732","8/8/2011","$97,026","$77,500","9/1/2011","n/a","1/14/13","47,792","23,800","1,716","1,268","2,701","588",452,"23,766","17,404","10,403","3,783","44,302.32",NA,NA,"41,977","53,584"
"176",90744,"Southern Pacific Slip [#2]","Harbor","15","completed","90404","8/8/2011","$222,901","$203,375","9/1/2011","n/a","12/9/12","47,792","23,800","1,716","1,268","2,701","588",452,"23,766","17,404","10,403","3,783","44,302.32",NA,NA,"41,977","53,584"
"177",91040,"Lake View Terrace Branch Library","Library","07","completed","90039","1/12/2001","$20,000","$20,000","1/12/2001","7/11/01;1/17/02","8/6/03","4,969","15,392","272","1,723","857","125",22,"5,646","5,969","6,789","2,891","53,662.43",NA,NA,"67,635","20,342"
"178",91042,"Sunland-Tujunga Branch Library","Library","07","completed","90064","12/1/1994","$27,500","$27,500","12/1/1994","","8/1/95","20,120","7,140","471","2,586","1,418","155",16,"7,950","8,653","8,788","3,340","53,662.43",NA,NA,"57,207","27,572"
"179",91303,"Canoga Park Branch Library","Library","03","completed","91941","4/27/2001","$20,000","$30,000","4/27/2001","06/04/01;08/29/01","11/23/05","16,416","13,058","1,134","2,802","1,319","212",44,"10,082","10,560","5,396","1,688","65,860.47",NA,NA,"48,379","26,855"
"180",91304,"Valley Communications Dispatch Center","Police","12","completed","91106","11/16/2004","$68,200","$40,000","11/16/2004","12/10/04","5/31/07","28,866","20,160","6,757","2,558","2,557","304",73,"17,473","16,119","12,789","5,769","66,792.32",NA,NA,"66,044","50,230"
"181",91304,"Topanga Police Station | Youth Apprenticeship in Public Art [YAPA]","Police","03","in development","tbd","tbd","$89,948","$73,758","","","","20,160","28,866","2,557","6,757","2,558","304",73,"17,473","16,119","12,789","5,769","65,860.47",NA,NA,"66,044","50,230"
"182",91304,"Topanga Police Station | Site-Specific Artwork","Police","03","completed","10012","10/9/2003","$238,803","$195,800","10/9/2003","1/6/4","4/18/08","28,866","20,160","6,757","2,558","2,557","304",73,"17,473","16,119","12,789","5,769","65,860.47",NA,NA,"66,044","50,230"
"183",91306,"Winnetka St. Bridge over LA River","BIP","03","completed","90039","9/22/2003","$8,400","$6,000","N/A","04/26/2007","","21,370","22,146","2,083","8,048","2,395","263",55,"15,469","15,384","11,289","4,580","65,860.47",NA,NA,"55,041","45,061"
"184",91306,"Vanowen St. Bridge over LA River","BIP","03","completed","90039","9/22/2003","$34,000","$6,000","N/A","04/26/2007","","21,370","22,146","2,083","8,048","2,395","263",55,"15,469","15,384","11,289","4,580","65,860.47",NA,NA,"55,041","45,061"
"185",91306,"Winnetka Child Care Center","Rec+Parks","03","completed","92870","9/21/2001","$9,100","$8,500","9/21/2001","01/09/02","11/19/03","21,370","22,146","2,083","8,048","2,395","263",55,"15,469","15,384","11,289","4,580","65,860.47",NA,NA,"55,041","45,061"
"186",91306,"Aliso Creek Bridges","BIP","03","completed","90065","7/15/2002","$18,360","$15,055","N/A","09/25/2002; 02/24/2003; 05/05/2003","7/14/05","21,370","22,146","2,083","8,048","2,395","263",55,"15,469","15,384","11,289","4,580","65,860.47",NA,NA,"55,041","45,061"
"187",91307,"Platt Branch Library","Library","03","completed","90302","10/1/1994","$27,500","$27,500","10/1/1994","n/a","6/1/95","3,323","18,338","712","3,168","1,129","66",15,"7,472","6,521","7,633","4,000","65,860.47",NA,NA,"90,523","24,474"
"188",91311,"Chatsworth Branch Library [#1]","Library","12","completed","90808","1/19/2001","$20,000","$20,000","","04/02/01","5/24/06","7,934","24,118","1,540","6,036","1,705","208",58,"10,222","10,812","11,510","5,634","66,792.32",NA,NA,"79,446","35,104"
"189",91311,"Chatsworth Branch Library [#2]","Library","12","completed","91304","6/1/2004","$83,000","$83,000","6/1/2004","n/a","2/15/06","7,934","24,118","1,540","6,036","1,705","208",58,"10,222","10,812","11,510","5,634","66,792.32",NA,NA,"79,446","35,104"
"190",91311,"Mason Childcare Center","Rec+Parks","12","completed","91107","11/18/2003","$15,000","$15,000","11/18/2003","3/10/2004","10/4/05","7,934","24,118","1,540","6,036","1,705","208",58,"10,222","10,812","11,510","5,634","66,792.32",NA,NA,"79,446","35,104"
"191",91311,"West Valley Animal Care & Services Center","Animal Services","12","completed","92371","11/4/2002","$123,000","$100,860","11/4/2002","4/9/3","2/8/07","7,934","24,118","1,540","6,036","1,705","208",58,"10,222","10,812","11,510","5,634","66,792.32",NA,NA,"79,446","35,104"
"192",91311,"Chatsworth Metrolink Station","DOT","12","completed","90291","10/1/1994","$40,000","$40,000","6/1/1995","","6/18/97","7,934","24,118","1,540","6,036","1,705","208",58,"10,222","10,812","11,510","5,634","66,792.32",NA,NA,"79,446","35,104"
"193",91324,"Northridge Metrolink Station","DOT","12","completed","92870","10/22/1997","$26,000","$22,400","9/1/1997","7/16/98","6/28/00","10,010","15,437","1,348","4,879","1,345","130",43,"9,542","8,500","6,966","3,662","66,792.32",NA,NA,"63,563","27,669"
"194",91325,"Northridge Branch Library","Library","12","completed","90031","2/13/2001","$20,000","$20,000","2/13/2001","04/09/01","12/30/03","10,429","18,721","1,849","5,480","1,684","185",82,"11,335","9,928","8,049","4,219","66,792.32",NA,NA,"63,607","32,417"
"195",91326,"Porter Branch Library","Library","12","completed","90025","6/1/1996","$27,500","$18,000","6/1/1996","5/8/96","7/6/99","4,504","19,782","1,172","9,994","1,365","66",30,"10,079","9,188","10,569","5,221","66,792.32",NA,NA,"110,833","33,708"
"196",91331,"Laurel Canyon Blvd. Bridge over Tujunga Wash","BIP","06","completed","91107","2/13/2003","$7,150","$5,860","N/A","06/17/2002","","7,934","24,118","1,540","6,036","1,705","208",58,"10,222","10,812","11,510","5,634","47,493.67",NA,NA,"48,272","103,689"
"197",91331,"San Fernando Bike Path (Phase 3)","BIP","06","completed","90405","","$15,760","$15,760","2/25/2009","10/11/2011","","7,934","24,118","1,540","6,036","1,705","208",58,"10,222","10,812","11,510","5,634","47,493.67",NA,NA,"48,272","103,689"
"198",91331,"Pacoima Branch Library","Library","07","completed","90004","11/1/1998","$20,000","$20,000","11/1/1998","6/1/99","2/28/02","7,934","24,118","1,540","6,036","1,705","208",58,"10,222","10,812","11,510","5,634","53,662.43",NA,NA,"48,272","103,689"
"199",91331,"Pacoima Neighborhood City Hall","BOE","07","completed","91202","8/25/2006","$104,940","$70,500","8/28/2006","9/18/08","5/20/11","7,934","24,118","1,540","6,036","1,705","208",58,"10,222","10,812","11,510","5,634","53,662.43",NA,NA,"48,272","103,689"
"200",91335,"West Valley Police Station | Youth Apprenticeship in Public Art [YAPA]","Police","03","in development","tbd","tbd","$89,948","$73,758","","","","37,606","39,990","3,029","9,201","3,895","494",90,"25,595","25,038","18,320","8,227","65,860.47",NA,NA,"54,149","74,363"
"201",91335,"West Valley Branch Library","Library","03","completed","90066","10/12/2000","$20,000","$20,000","10/12/2000","1/11/00","7/23/02","37,606","39,990","3,029","9,201","3,895","494",90,"25,595","25,038","18,320","8,227","65,860.47",NA,NA,"54,149","74,363"
"202",91335,"Reseda Pool","Rec+Parks","03","completed","90042","12/14/2010","$22,040","$18,140","2/15/2011","8/23/11","5/30/12","37,606","39,990","3,029","9,201","3,895","494",90,"25,595","25,038","18,320","8,227","65,860.47",NA,NA,"54,149","74,363"
"203",91335,"Tampa Ave. Bridge over LA River","BIP","03","completed","90039","9/22/2003","$43,000","$6,000","N/A","03/20/2006","","37,606","39,990","3,029","9,201","3,895","494",90,"25,595","25,038","18,320","8,227","65,860.47",NA,NA,"54,149","74,363"
"204",91335,"West Valley Police Station","Police","03","completed","90405","7/15/2003","$175,000","$100,450","7/15/2003","12/17/03","3/16/05","37,606","39,990","3,029","9,201","3,895","494",90,"25,595","25,038","18,320","8,227","65,860.47",NA,NA,"54,149","74,363"
"205",91340,"San Fernando Bike Path | Phase 2","BIP","07","completed","90046","7/25/2002","$4,500","$4,500","N/A","N/A","","31,452","16,998","669","387","1,314","444",35,"14,146","11,302","7,009","2,766","53,662.43",NA,NA,"38,768","27,044"
"206",91342,"Sylmar Branch Library","Library","07","completed","97031","1/17/2001","$20,000","$20,000","1/17/2001","04/18/01","9/10/03","68,444","45,803","4,570","5,091","3,767","968",74,"36,433","29,776","20,709","7,944","53,662.43",NA,NA,"64,483","91,715"
"207",91342,"Sylmar/San Fernando Metrolink Station`","DOT","*07","completed","14213","10/1/1994","$25,000","$25,000","6/1/1995","","7/28/98","68,444","45,803","4,570","5,091","3,767","968",74,"36,433","29,776","20,709","7,944","44,302.32",NA,NA,"64,483","91,715"
"208",91343,"Northridge Fire Station No. 87","Fire","12","completed","10012","7/30/2003","$58,434","$50,000","7/30/2003","2/12/04","","35,438","28,519","2,641","8,563","2,743","420",109,"23,383","20,156","13,385","5,463","66,792.32",NA,NA,"53,646","60,254"
"209",91343,"Sepulveda Park West","Rec+Parks","06","completed","90086","4/20/2001","$15,000","$13,000","4/20/2001","06/28/01","9/4/02","35,438","28,519","2,641","8,563","2,743","420",109,"23,383","20,156","13,385","5,463","47,493.67",NA,NA,"53,646","60,254"
"210",91343,"Mid-Valley Branch Regional Branch Library","Library","12","completed","94805","2/1/1995","$27,500","$27,500","2/1/1995","4/5/95","9/1/95","35,438","28,519","2,641","8,563","2,743","420",109,"23,383","20,156","13,385","5,463","66,792.32",NA,NA,"53,646","60,254"
"211",91344,"Granada Hills Community Center","Rec+Parks","12","completed","90039","2/1/1998","$21,000","$17,000","2/1/1998","3/8/98, 1/13/99","6/19/01","14,841","32,636","1,797","9,081","2,358","267",52,"16,032","15,084","15,212","7,651","66,792.32",NA,NA,"78,168","51,743"
"212",91345,"Valley Traffic Division / Bureau Headquarters","Police","06","completed","90025","10/21/2003","$184,302","$151,200","10/21/2003","1/14/4","7/8/09","12,329","9,981","673","1,750","805","190",40,"6,538","5,703","4,398","2,532","47,493.67",NA,NA,"63,806","18,496"
"213",91345,"Mission Hills Police Station [#2]","Police","07","completed","90026","11/7/2003","$50,000","$50,000","11/7/2003","10/26/4, 02/14/05, 02/07/06","8/17/07","12,329","9,981","673","1,750","805","190",40,"6,538","5,703","4,398","2,532","53,662.43",NA,NA,"63,806","18,496"
"214",91345,"Mission Hills Police Station [#1]","Police","07","completed","90042","1/29/2001","$107,500","$87,125","1/29/2001","5/7/01","3/29/05","12,329","9,981","673","1,750","805","190",40,"6,538","5,703","4,398","2,532","53,662.43",NA,NA,"63,806","18,496"
"215",91345,"Northeast Valley Animal Care & Services Center","Animal Services","07","completed","90230","7/10/2003","$113,800","$93,300","7/10/2003","10/11/5","4/18/07","12,329","9,981","673","1,750","805","190",40,"6,538","5,703","4,398","2,532","53,662.43",NA,NA,"63,806","18,496"
"216",91352,"Glenoaks Blvd. Bridge over Tujunga Wash","BIP","06","completed","90056","9/22/2003","$11,702","$10,000","N/A","03/22/2005","2/1/09","35,314","24,825","861","3,034","1,917","401",89,"18,729","15,495","10,944","4,310","47,493.67",NA,NA,"47,544","47,807"
"217",91352,"Truesdale Recycling & Disposal Center","DWP","06","completed","90031","10/1/1994","$25,000","$25,000","10/1/1994","","5/1/96","35,314","24,825","861","3,034","1,917","401",89,"18,729","15,495","10,944","4,310","47,493.67",NA,NA,"47,544","47,807"
"218",91352,"Sun Valley Metrolink Station","DOT","06","completed","90039","10/1/1998","$5,000","$5,000","10/1/1998","N/A","1/14/02","35,314","24,825","861","3,034","1,917","401",89,"18,729","15,495","10,944","4,310","47,493.67",NA,NA,"47,544","47,807"
"219",91352,"East Valley Solid Resources [#2]","Public Works","06","completed","90802","2/1/2000","$178,000","$73,000","7/21/2000","11/06/00","11/26/03","35,314","24,825","861","3,034","1,917","401",89,"18,729","15,495","10,944","4,310","47,493.67",NA,NA,"47,544","47,807"
"220",91352,"East Valley Solid Resources [#1]","Public Works","06","completed","90042","2/1/2000","$178,000","$73,000","7/21/2000","11/06/00","6/9/04","35,314","24,825","861","3,034","1,917","401",89,"18,729","15,495","10,944","4,310","47,493.67",NA,NA,"47,544","47,807"
"221",91352,"Sun Valley Fire Station No. 77","Fire","07","completed","85387","7/31/2002","$56,000","$57,000","7/31/2002","8/10/04","","35,314","24,825","861","3,034","1,917","401",89,"18,729","15,495","10,944","4,310","53,662.43",NA,NA,"47,544","47,807"
"222",91352,"Sun Valley Branch Library","Library","06","completed","90045","6/29/2000","$20,000","$20,000","6/29/1999","8/28/00","5/20/03","35,314","24,825","861","3,034","1,917","401",89,"18,729","15,495","10,944","4,310","47,493.67",NA,NA,"47,544","47,807"
"223",91356,"Tarzana Child Care Center","Rec+Parks","03","completed","90031","9/1/1997","$9,100","$7,600","9/1/1997","2/11/98","8/31/00","4,089","22,804","1,267","1,908","1,534","77",46,"8,348","8,875","8,476","4,928","65,860.47",NA,NA,"85,626","29,458"
"224",91356,"Encino Tarzana Branch Library","Library","03","completed","90026","1/24/2001","$20,000","$20,000","1/24/2001","05/09/01","3/12/03","4,089","22,804","1,267","1,908","1,534","77",46,"8,348","8,875","8,476","4,928","65,860.47",NA,NA,"85,626","29,458"
"225",91367,"Woodland Hills Branch Library","Library","03","completed","90036","9/26/2000","$20,000","$20,000","9/26/2000","12/5/00","","4,375","29,153","1,824","4,882","1,979","152",56,"10,315","13,168","11,020","6,517","65,860.47",NA,NA,"86,957","39,499"
"226",91367,"Corbin and Mason Ave. Bridges","BIP","12","completed","90230","7/22/2002","$12,300","$12,300","N/A","9/25/2002","","4,375","29,153","1,824","4,882","1,979","152",56,"10,315","13,168","11,020","6,517","66,792.32",NA,NA,"86,957","39,499"
"227",91367,"Woodland Hills Fire Station No. 84","Fire","03","completed","90045","1/15/2008","$56,000","$48,000","1/15/2008","n/a","9/14/09","4,375","29,153","1,824","4,882","1,979","152",56,"10,315","13,168","11,020","6,517","65,860.47",NA,NA,"86,957","39,499"
"228",91367,"Woodland Hills Recreation Center","Rec+Parks","03","active","91202","4/2/2014","$95,000","$75,000","4/2/14","8/6/2015","","4,375","29,153","1,824","4,882","1,979","152",56,"10,315","13,168","11,020","6,517","65,860.47",NA,NA,"86,957","39,499"
"229",91367,"Warner Streetscape & Transit Hub","DOT","03","completed","91406","2/29/2000","$30,000","$46,378","6/19/2000","09/17/02","7/8/05","4,375","29,153","1,824","4,882","1,979","152",56,"10,315","13,168","11,020","6,517","65,860.47",NA,NA,"86,957","39,499"
"230",91401,"Van Nuys Flyaway","LAWA","06","completed","90013","4/17/2006","$217,000","$217,000","4/19/2006","4/4/06","5/27/09","16,675","25,645","1,864","2,135","1,763","290",31,"12,568","14,111","10,114","3,990","47,493.67",NA,NA,"49,559","39,285"
"231",91402,"Arleta Fire Station No. 7","Fire","06","completed","90042","4/25/2012","$90,000","$73,800","4/25/2012","n/a","9/7/16","50,328","28,209","2,166","9,877","3,037","491",78,"28,819","24,018","14,224","5,073","47,493.67",NA,NA,"44,460","69,817"
"232",91402,"Arleta Fire Station No. 81","Fire","06","completed","85702","12/3/2002","$66,831","$58,700","12/3/2002","n/a","12/11/06","50,328","28,209","2,166","9,877","3,037","491",78,"28,819","24,018","14,224","5,073","47,493.67",NA,NA,"44,460","69,817"
"233",91402,"Branford Child Care Center","Rec+Parks","06","completed","90808","7/6/2000","$8,000","$8,000","8/16/2000","4/12/01","4/14/03","50,328","28,209","2,166","9,877","3,037","491",78,"28,819","24,018","14,224","5,073","47,493.67",NA,NA,"44,460","69,817"
"234",91402,"Panorama Branch Library","Library","06","completed","90012","11/1/1995","$26,400","$26,400","11/1/1995","02/23/93; 04/26/93","10/31/99","50,328","28,209","2,166","9,877","3,037","491",78,"28,819","24,018","14,224","5,073","47,493.67",NA,NA,"44,460","69,817"
"235",91402,"Mid-Valley Intergenerational Center","Rec+Parks","06","active","90008","4/4/2013","$11,809","$9,683","4/4/2013","","","50,328","28,209","2,166","9,877","3,037","491",78,"28,819","24,018","14,224","5,073","47,493.67",NA,NA,"44,460","69,817"
"236",91403,"Sherman Oaks/East Valley Adult Center","Rec+Parks","04","completed","90039","8/9/2007","$85,000","$80,290","8/9/2007","12/18/2008","8/8/10","2,537","18,645","1,191","1,741","1,025","39",22,"5,121","9,775","6,063","3,401","58,888.16",NA,NA,"84,293","23,484"
"237",91405,"Van Nuys Field Service Building No. 3","DWP","02","completed","93003","1/11/2004","$45,000","$36,900","1/13/2004","07/06/04","8/17/07","30,942","26,715","2,649","4,119","2,459","329",79,"18,942","18,320","11,364","4,351","38,673.58",NA,NA,"37,227","51,145"
"238",91405,"East Valley Animal Care & Service Center","Animal Services","06","completed","90024","1/30/2003","$124,500","$102,000","1/30/2003","08/13/03","2/6/07","30,942","26,715","2,649","4,119","2,459","329",79,"18,942","18,320","11,364","4,351","47,493.67",NA,NA,"37,227","51,145"
"239",91405,"Van Nuys Blvd. Bridge","BIP","06","completed","92104","6/18/1999","$12,000","$12,000","6/18/1999","N/A","1/23/02","30,942","26,715","2,649","4,119","2,459","329",79,"18,942","18,320","11,364","4,351","47,493.67",NA,NA,"37,227","51,145"
"240",91406,"Vanowen St. Bridge over Bull Creek","BIP","06","completed","90731","7/15/2002","$8,820","$7,232","N/A","N/A","","28,646","28,887","2,774","4,035","2,854","415",75,"18,452","18,684","12,020","4,284","47,493.67",NA,NA,"49,954","51,413"
"241",91406,"Pedlow Skate Park","Rec+Parks","06","completed","90291","6/10/2003","$10,000","$8,200","6/10/2003","08/13/03","5/25/06","28,646","28,887","2,774","4,035","2,854","415",75,"18,452","18,684","12,020","4,284","47,493.67",NA,NA,"49,954","51,413"
"242",91406,"Air Operations Facility","Fire","06","completed","91205","9/20/2011","$232,096","$190,819","12/1/2011","02/12/13","6/1/15","28,646","28,887","2,774","4,035","2,854","415",75,"18,452","18,684","12,020","4,284","47,493.67",NA,NA,"49,954","51,413"
"243",91411,"Van Nuys Fire Station 39","Fire","06","active","90094","9/15/2014","$100,000","$82,000","","","","12,699","14,277","1,403","1,591","1,160","196",25,"8,059","9,691","5,448","2,260","47,493.67",NA,NA,"49,386","24,628"
"244",91411,"Delano Park Recreation Center","Rec+Parks","06","completed","90808","2/10/2000","$21,000","$17,000","2/10/2000","10/26/00","5/20/05","12,699","14,277","1,403","1,591","1,160","196",25,"8,059","9,691","5,448","2,260","47,493.67",NA,NA,"49,386","24,628"
"245",91423,"Van Nuys/Sherman Oaks Swimming Pool","Rec+Parks","04","completed","90039","12/1/1997","$20,000","$17,000","12/1/1997","5/27/98","9/25/02","3,714","24,792","1,601","1,998","1,300","86",33,"7,243","12,666","8,408","3,959","58,888.16",NA,NA,"75,759","30,991"
"246",91423,"Sherman Oaks Branch Library [#1]","Library","04","completed","90042","1/8/2001","$20,000","$20,000","1/8/2001","6/13/01","4/18/03","3,714","24,792","1,601","1,998","1,300","86",33,"7,243","12,666","8,408","3,959","58,888.16",NA,NA,"75,759","30,991"
"247",91423,"Van Nuys/Sherman Oaks Gymnasium","Rec+Parks","04","completed","90045","9/26/2002","$16,890","$13,850","9/26/2002","3/12/03","8/22/05","3,714","24,792","1,601","1,998","1,300","86",33,"7,243","12,666","8,408","3,959","58,888.16",NA,NA,"75,759","30,991"
"248",91436,"Encino Fire Station No. 83","Fire","05","completed","94805","4/1/2003","$56,000","$56,000","4/1/2003","n/a","","850","12,627","300","742","521","148",9,"3,883","3,544","4,437","3,111","64,545.08",NA,NA,"129,616","14,372"
"249",91601,"North Hollywood Police Station","Police","02","completed","90731","4/1/1992","$182,000","$152,000","12/1/1994","","3/1/97","16,291","22,025","2,899","2,493","1,910","283",57,"11,214","16,457","7,953","2,739","38,673.58",NA,NA,"47,987","37,180"
"250",91601,"Tiara Street Intergenerational Center","Rec+Parks","02","completed","90660","8/17/2010","$11,480","$9,500","11/17/2010","5/19/11","5/31/13","16,291","22,025","2,899","2,493","1,910","283",57,"11,214","16,457","7,953","2,739","38,673.58",NA,NA,"47,987","37,180"
"251",91601,"North Hollywood Regional Branch Library","Library","02","completed","90035","7/26/2001","$20,000","$20,000","7/26/2001","08/16/01","11/18/02","16,291","22,025","2,899","2,493","1,910","283",57,"11,214","16,457","7,953","2,739","38,673.58",NA,NA,"47,987","37,180"
"252",91604,"Los Angeles Riverfront Park","Rec+Parks","02","completed","90086","11/8/2002","$58,800","$54,680","3/24/2003","08/20/2003","4/2/09","2,471","24,008","1,194","1,946","1,153","80",26,"6,491","11,667","8,114","3,901","38,673.58",NA,NA,"92,632","29,034"
"253",91604,"Colfax Ave. Bridge over LA River","BIP","02","completed","92086","9/10/2003","$37,479","$10,000","N/A","6/28/06","","2,471","24,008","1,194","1,946","1,153","80",26,"6,491","11,667","8,114","3,901","38,673.58",NA,NA,"92,632","29,034"
"254",91604,"Studio City Fire Station No. 78","Fire","02","completed","91304","8/17/2004","$58,434","$50,000","8/17/2004","02/16/05;4/12/05","4/21/08","2,471","24,008","1,194","1,946","1,153","80",26,"6,491","11,667","8,114","3,901","38,673.58",NA,NA,"92,632","29,034"
"255",91604,"Studio City Branch Library","Library","02","completed","90031","11/1/1998","$20,000","$20,000","11/1/1998","12/9/98","5/17/01","2,471","24,008","1,194","1,946","1,153","80",26,"6,491","11,667","8,114","3,901","38,673.58",NA,NA,"92,632","29,034"
"256",91605,"Victory Vineland Childcare Center","Rec+Parks","02","completed","91202","6/19/2001","$15,448","$15,000","1/14/2003","04/09/04","6/28/05","35,668","27,562","1,933","5,525","2,590","371",38,"21,686","19,011","12,784","4,780","38,673.58",NA,NA,"46,087","56,343"
"257",91605,"Valley Plaza Branch Library","Library","02","completed","91324","12/15/2000","$20,000","$20,000","12/15/2000","03/12/01","10/27/04","35,668","27,562","1,933","5,525","2,590","371",38,"21,686","19,011","12,784","4,780","38,673.58",NA,NA,"46,087","56,343"
